FeatureCount,SVMCost,Accuracy,Sensitivity,Specificity,MCC
2800,1.0,0.7203947368421053,0.9631336405529954,0.11494252873563218,0.149516361942846
